ERR971977	2009
ERR4504377	2018
ERR4504394	2018
ERR4504264	2018
ERR8574944	2018
ERR8574956	2019
ERR12058277	2016
ERR12058284	2017
ERR12058286	2017
ERR12058288	2017
ERR12058291	2017
ERR12058292	2017
ERR12058296	2017
ERR12058297	2017
ERR12058298	2017
ERR12058299	2017
ERR12058300	2017
ERR12058301	2017
ERR12058302	2017
ERR12058303	2017
ERR12058304	2017
ERR12058306	2017
ERR12058310	2017
ERR12058323	2017
ERR12058324	2017
ERR12058194	2017
ERR12058328	2017
ERR12058330	2017
ERR12058331	2017
ERR12058332	2017
ERR12058333	2017
ERR12058334	2017
ERR12058336	2017
ERR12058338	2016
ERR12058353	2017
ERR12058354	2017
ERR12058355	2017
ERR12058356	2017
ERR12058357	2017
ERR12058358	2017
ERR12058395	2018
ERR12058399	2018
ERR12058418	2008
ERR12058453	2018
ERR12058516	2018
ERR12058219	2017
ERR12058223	2017
ERR12058241	2018
ERR12058245	2017
ERR12058249	2017
ERR12058251	2017
ERR12058253	2017
ERR12058257	2017
ERR12058267	2017
ERR12058270	2017
ERR12058272	2017
ERR12058274	2017
ERR12058627	2017
ERR12058628	2017
ERR12058632	2017
ERR12058636	2017
ERR12058638	2017
ERR12058640	2017
ERR12058659	2017
ERR12058660	2017
ERR12058662	2017
ERR12058663	2017
ERR12058666	2017
ERR12058692	2017
ERR12058696	2017
ERR12058698	2017
ERR12058700	2017
ERR12058702	2017
ERR12058720	2017
ERR12058722	2017
ERR12058724	2017
ERR12058726	2017
ERR12058728	2017
ERR12058730	2017
ERR12058732	2017
ERR12058734	2017
ERR12058752	2017
ERR12058756	2017
ERR12058758	2017
ERR12058759	2017
ERR12058761	
ERR12058762	2017
ERR12058763	2017
ERR12058764	2017
ERR12058767	2017
ERR12058788	2017
ERR12058790	2017
ERR12058792	2017
ERR12058794	2017
ERR12058796	2017
ERR12058798	2017
ERR12058546	2017
ERR12058807	2019
ERR12058816	2017
ERR12058819	2016
ERR12058820	2017
ERR12058821	2017
ERR12058823	2017
ERR12058550	2017
ERR12058848	2017
ERR12058849	2017
ERR12058850	2017
ERR12058854	2019
ERR12058867	2017
ERR12058868	2017
ERR12058870	2017
ERR12058564	2019
ERR12058566	2019
ERR12058567	2017
ERR12058568	2017
ERR12058570	2017
ERR12058572	2017
ERR12058575	2017
ERR12058576	2017
ERR12058885	2019
ERR12059067	2008
ERR12059076	2010
ERR12059173	
ERR12059176	2006
ERR12059180	2006
ERR12058974	2010
ERR12059234	2011
ERR12059291	2005
ERR12058959	2020
ERR12059451	2016
ERR12059466	2017
ERR12059334	2019
ERR12059344	2019
ERR12059346	2019
ERR12059348	2019
Reference   2017
